title,link,duration,minutes
Aprende Ingl√©s B√°sico Para Principiantes | Conversaci√≥n Lenta y F√°cil en Ingl√©s,https://www.youtube.com/watch?v=3epbGMPfnQ0,1:00,1.00
Clase de Ingl√©s para Principiantes | TODO LO ESENCIAL EN UN VIDEO | Aprende Ingl√©s desde Cero,https://www.youtube.com/watch?v=KFV4LLoKrNA,0:23,0.38
Introducci√≥n,https://www.youtube.com/watch?v=KQIcaJr-B38,0:58,0.97
La pronunciaci√≥n en ingl√©s,https://www.youtube.com/watch?v=VAJaDIGj3e4,0:59,0.98
Los pronombres,https://www.youtube.com/watch?v=ns97MMnFICE,0:30,0.50
Los art√≠culos,https://www.youtube.com/watch?v=Lml1LMqngDI,1:00,1.00
Verbos en ingl√©s,https://www.youtube.com/watch?v=Dd81MZvrDew,0:57,0.95
Verbos en ingl√©s en el pasado,https://www.youtube.com/watch?v=kkn5KtrUnfI,1:00,1.00
¬øC√≥mo hacer preguntas en ingl√©s?,https://www.youtube.com/watch?v=gnDVShJpwqY,0:24,0.40
¬øC√≥mo hacer preguntas negativas en ingl√©s?,https://www.youtube.com/watch?v=CxRHHfvL9r0,0:31,0.52
¬øC√≥mo hacer preguntas en el pasado?,https://www.youtube.com/watch?v=k8Gyc4qYyS4,0:11,0.18
Adjetivos posesivos,https://www.youtube.com/watch?v=rJmzT52TS60,0:45,0.75
¬øC√≥mo aprender todo esto?,https://www.youtube.com/watch?v=CQO-8R21_1A,0:53,0.88
üß† ESCUCHALO 10 MINUTOS POR 4 DIAS üìö Y TU INGL√âS CAMBIAR√Å ‚úÖ  APRENDER INGL√âS R√ÅPIDO ‚ú®,https://www.youtube.com/watch?v=bJMlfknXKhw,0:19,0.32
üóΩüöÄ ESCUCHA ESTO POR 7 DIAS Y TU INGL√âS CAMBIAR√Å ‚ú®  APRENDER INGL√âS R√ÅPIDO ü§Ø,https://www.youtube.com/watch?v=o_n9gTn3ZCg,1:11,1.18
üìö‚úÖ 100 FRASES SIMPLES EN INGL√âS PARA USO DIARIO ‚úÖ APRENDER INGLES RAPIDO - CURSO DE INGLES BASICO,https://www.youtube.com/watch?v=wU1jXLh6Clw,0:33,0.55
Aprende ingl√©s mientras duermes,https://www.youtube.com/watch?v=A64zdc7NvMQ,0:11,0.18
üëÇMejora tu ESCUCHA de INGL√âS con esta t√©cnica.üëÇ CONVERSACI√ìN 17üîä,https://www.youtube.com/watch?v=_pa_cJAdN4o,1:02,1.03
‚úÖCurso de INGL√âS B√ÅSICO Para PRINCIPIANTES üëâ DESDE CERO hasta INTERMEDIO üöÄ COMO APRENDER INGL√âS,https://www.youtube.com/watch?v=tIYArg1Ju-Q,0:39,0.65
Introducci√≥n al Curso,https://www.youtube.com/watch?v=a_2GhNSlZaE,0:40,0.67
Los Pronombres Personales en ingl√©s,https://www.youtube.com/watch?v=ZvsxZL4pkU0,0:28,0.47
El Verbo 'To be' en ingl√©s,https://www.youtube.com/watch?v=UMthGQds15k,1:00,1.00
Preguntas con el verbo 'To be',https://www.youtube.com/watch?v=UZpxma_qu4Q,0:43,0.72
Negativa con el verbo 'To be',https://www.youtube.com/watch?v=d87gx78zZL8,0:31,0.52
"Los art√≠culos en ingl√©s (A, An y The)",https://www.youtube.com/watch?v=7AefBz4a73U,0:58,0.97
Los Adjetivos en ingl√©s,https://www.youtube.com/watch?v=-jG0yVk7HuI,0:39,0.65
"THIS, THAT, THESE, THOSE en ingl√©s",https://www.youtube.com/watch?v=yoD_cPOkLgU,0:20,0.33
El Verbo 'TO HAVE' en ingl√©s,https://www.youtube.com/watch?v=vR7-z1BglgA,0:39,0.65
Los Adjetivos Posesivos en ingl√©s,https://www.youtube.com/watch?v=LHASv4jQ8CM,0:23,0.38
Verbos y El Presente Simple en ingl√©s,https://www.youtube.com/watch?v=XV5An3RQd3o,1:00,1.00
Preguntas usando 'DO' y 'DOES' en ingl√©s,https://www.youtube.com/watch?v=Vx9304jAWps,1:14,1.23
Preguntas con 'WH Questions' en Ingl√©s,https://www.youtube.com/watch?v=sasNSywrnj0,0:15,0.25
Negaciones con Don't y Doesn't en ingl√©s,https://www.youtube.com/watch?v=rL3UYUwYWFg,0:24,0.40
"El pasado con el Verbo TO BE, WAS y WERE",https://www.youtube.com/watch?v=txUKmUwEpRY,0:59,0.98
Curso de Ingl√©s para Principiantes (INGL√âS B√ÅSICO A1-A2),https://www.youtube.com/watch?v=pSa1ZWRnyLo,0:50,0.83
Introducci√≥n,https://www.youtube.com/watch?v=3a89-pXcTOg,0:59,0.98
1 Vocabulario,https://www.youtube.com/watch?v=BqHWMraH-ic,0:56,0.93
2 Pronunciaci√≥n,https://www.youtube.com/watch?v=pGKby2AMz3w,1:00,1.00
3 Gram√°tica,https://www.youtube.com/watch?v=TFiASx_uP4E,0:58,0.97
¬øC√≥mo vas a aprender todo esto?,https://www.youtube.com/watch?v=e29aqclan_g,0:47,0.78
Escucha esta conversaci√≥n para aprender ingl√©s R√ÅPIDO,https://www.youtube.com/watch?v=PeXZktbTgLo,19:03,19.05
[DESBLOQUEA] tu Potencial para APRENDER INGL√âS R√ÅPIDO: Lo √öNICO que necesitas para dominar el INGL√âS,https://www.youtube.com/watch?v=Z6GGAQOMX8c,1:42:32,102.53
INTRODUCCI√ìN AL M√âTODO,https://www.youtube.com/watch?v=o2L8Ubk27oA,43:21,43.35
D√çA 1 (INICIO),https://www.youtube.com/watch?v=0JInchkixwE,1:07:01,67.02
D√çA 2,https://www.youtube.com/watch?v=XqdRzbkLa7g,1:07:45,67.75
D√çA 3,https://www.youtube.com/watch?v=dij9l7sWkts,6:12:44,372.73
D√çA 4,https://www.youtube.com/watch?v=pg1gs4NzUpM,27:29,27.48
D√çA 5,https://www.youtube.com/watch?v=Bv6gs2pChzk,58:50,58.83
D√çA 6,https://www.youtube.com/watch?v=kAYfAaN_D1k,2:54:43,174.72
D√çA 7,https://www.youtube.com/watch?v=OMfwBBfjcU8,1:11:32,71.53
D√çA 8,https://www.youtube.com/watch?v=CM_MEKvOCzY,9:47:02,587.03
D√çA 9,https://www.youtube.com/watch?v=44brYSuVuVA,3:21:07,201.12
D√çA 10,https://www.youtube.com/watch?v=ir2rqlqSPEw,0:00,0.00
D√çA 11,https://www.youtube.com/watch?v=-Hfi0F3kIpc,30:41,30.68
D√çA 12,https://www.youtube.com/watch?v=1hrcA6gIpmQ,35:28,35.47
D√çA 13,https://www.youtube.com/watch?v=aaLgv4MBRno,2:53:57,173.95
D√çA 14 (FINAL),https://www.youtube.com/watch?v=p8HkjlTr9rY,0:00,0.00
Curso de Ingl√©s COMPLETO (Ingl√©s Intermedio B1-B2),https://www.youtube.com/watch?v=OrQDgnBRWq0,24:29,24.48
How To Cook The Perfect Pasta | Gordon Ramsay,https://www.youtube.com/watch?v=ilWmAUw2hVQ,0:42,0.70
How do you cook spaghetti so it doesn t stick together?,https://www.youtube.com/watch?v=Yd_dTvRpXys,0:38,0.63
Jamie Oliver's tips for cooking great pasta,https://www.youtube.com/watch?v=8xDFO9AnQuc,0:36,0.60
6 Italian Pasta Recipes You Can't Miss,https://www.youtube.com/watch?v=Nfw0qTtDo-c,0:42,0.70
How much pasta should you cook? üçù,https://www.youtube.com/watch?v=L5y_cvweBgQ,0:36,0.60
